{"cameraMode":{"drawMode":0,"name":"Shaded","section":"Shading Mode"},"sceneLighting":true,"audioPlay":false,"sceneViewState":{"showFog":true,"showMaterialUpdate":false,"showSkybox":true,"showFlares":true,"showImageEffects":true,"showParticleSystems":true,"showVisualEffectGraphs":true,"m_FxEnabled":true},"in2DMode":false,"pivot":{"x":-1.8935495615005494,"y":2.6587584018707277,"z":2.528613805770874},"rotation":{"x":0.2962939441204071,"y":0.02291920594871044,"z":-0.0071126678958535198,"w":0.95479816198349},"size":3.9064157009124758,"orthographic":false}